0,why are american cities so big,2016-04-27 21:47:37,why are american cities ,com.br,en,google
1,why are american cities so small,2016-04-27 21:47:37,why are american cities ,com.br,en,google
2,why are american cities so spread out,2016-04-27 21:47:37,why are american cities ,com.br,en,google
3,why are american cities so boring,2016-04-27 21:47:37,why are american cities ,com.br,en,google
4,why are american cities grid,2016-04-27 21:47:37,why are american cities ,com.br,en,google
5,why american cities don't burn,2016-04-27 21:47:37,why are american cities ,com.br,en,google
0,why are american cities so boring,2016-04-27 21:47:37,why are cities american ,com.br,en,google
1,why are american cities so spread out,2016-04-27 21:47:37,why are cities american ,com.br,en,google
2,why are american cities so big,2016-04-27 21:47:37,why are cities american ,com.br,en,google
3,why are american cities grid,2016-04-27 21:47:37,why are cities american ,com.br,en,google
4,why american cities don't burn,2016-04-27 21:47:37,why are cities american ,com.br,en,google
0,why are american cities so boring,2016-04-27 21:47:37,why american are cities ,com.br,en,google
1,why are american cities so spread out,2016-04-27 21:47:37,why american are cities ,com.br,en,google
2,why are american cities so big,2016-04-27 21:47:37,why american are cities ,com.br,en,google
3,why are american cities grid,2016-04-27 21:47:37,why american are cities ,com.br,en,google
4,why american cities don't burn,2016-04-27 21:47:37,why american are cities ,com.br,en,google
0,why american cities are fighting to attract immigrants,2016-04-27 21:47:37,why american cities are ,com.br,en,google
0,why are american cities so boring,2016-04-27 21:47:37,why cities are american ,com.br,en,google
1,why are american cities so spread out,2016-04-27 21:47:37,why cities are american ,com.br,en,google
2,why are american cities so big,2016-04-27 21:47:37,why cities are american ,com.br,en,google
3,why are american cities grid,2016-04-27 21:47:37,why cities are american ,com.br,en,google
0,why are american cities so boring,2016-04-27 21:47:38,are why american cities ,com.br,en,google
1,why are american cities so spread out,2016-04-27 21:47:38,are why american cities ,com.br,en,google
2,why are american cities so big,2016-04-27 21:47:38,are why american cities ,com.br,en,google
3,why are american cities grid,2016-04-27 21:47:38,are why american cities ,com.br,en,google
4,are american cities dying,2016-04-27 21:47:38,are why american cities ,com.br,en,google
0,why are american cities so boring,2016-04-27 21:47:38,are why cities american ,com.br,en,google
1,why are american cities so spread out,2016-04-27 21:47:38,are why cities american ,com.br,en,google
2,why are american cities so big,2016-04-27 21:47:38,are why cities american ,com.br,en,google
3,why are american cities grid,2016-04-27 21:47:38,are why cities american ,com.br,en,google
4,are american cities dying,2016-04-27 21:47:38,are why cities american ,com.br,en,google
0,are american cities dying,2016-04-27 21:47:38,are american why cities ,com.br,en,google
1,why are american cities so boring,2016-04-27 21:47:38,are american why cities ,com.br,en,google
2,why are american cities so spread out,2016-04-27 21:47:38,are american why cities ,com.br,en,google
3,why are american cities so big,2016-04-27 21:47:38,are american why cities ,com.br,en,google
4,why are american cities grid,2016-04-27 21:47:38,are american why cities ,com.br,en,google
0,why are american cities so boring,2016-04-27 21:47:38,are american cities why ,com.br,en,google
1,why are american cities so spread out,2016-04-27 21:47:38,are american cities why ,com.br,en,google
2,why are american cities so big,2016-04-27 21:47:38,are american cities why ,com.br,en,google
3,why are american cities grid,2016-04-27 21:47:38,are american cities why ,com.br,en,google
0,why are american cities so boring,2016-04-27 21:47:38,are cities american why ,com.br,en,google
1,why are american cities so spread out,2016-04-27 21:47:38,are cities american why ,com.br,en,google
2,why are american cities so big,2016-04-27 21:47:38,are cities american why ,com.br,en,google
3,why are american cities grid,2016-04-27 21:47:38,are cities american why ,com.br,en,google
0,american cities are boring,2016-04-27 21:47:38,american why are cities ,com.br,en,google
1,american cities are dying,2016-04-27 21:47:38,american why are cities ,com.br,en,google
2,why american cities don't burn,2016-04-27 21:47:38,american why are cities ,com.br,en,google
3,american cities,2016-04-27 21:47:38,american why are cities ,com.br,en,google
4,american cities by population,2016-04-27 21:47:38,american why are cities ,com.br,en,google
5,american cities list,2016-04-27 21:47:38,american why are cities ,com.br,en,google
6,american cities to visit,2016-04-27 21:47:38,american why are cities ,com.br,en,google
7,american cities names,2016-04-27 21:47:38,american why are cities ,com.br,en,google
8,american cities alphabetical,2016-04-27 21:47:38,american why are cities ,com.br,en,google
9,american cities map,2016-04-27 21:47:38,american why are cities ,com.br,en,google
10,american cities beginning with p,2016-04-27 21:47:38,american why are cities ,com.br,en,google
11,american cities with subways,2016-04-27 21:47:38,american why are cities ,com.br,en,google
12,american cities beginning with c,2016-04-27 21:47:38,american why are cities ,com.br,en,google
13,american cities by size,2016-04-27 21:47:38,american why are cities ,com.br,en,google
14,american cities beginning with m,2016-04-27 21:47:38,american why are cities ,com.br,en,google
15,american cities that start with d,2016-04-27 21:47:38,american why are cities ,com.br,en,google
16,american cities a-z,2016-04-27 21:47:38,american why are cities ,com.br,en,google
17,american cities and states,2016-04-27 21:47:38,american why are cities ,com.br,en,google
18,american cities starting with m,2016-04-27 21:47:38,american why are cities ,com.br,en,google
19,american cities with french names,2016-04-27 21:47:38,american why are cities ,com.br,en,google
0,american cities are boring,2016-04-27 21:47:39,american why cities are ,com.br,en,google
1,american cities are dying,2016-04-27 21:47:39,american why cities are ,com.br,en,google
0,are american cities dying,2016-04-27 21:47:39,american are why cities ,com.br,en,google
1,american cities,2016-04-27 21:47:39,american are why cities ,com.br,en,google
2,american cities by population,2016-04-27 21:47:39,american are why cities ,com.br,en,google
3,american cities list,2016-04-27 21:47:39,american are why cities ,com.br,en,google
4,american cities to visit,2016-04-27 21:47:39,american are why cities ,com.br,en,google
5,american cities names,2016-04-27 21:47:39,american are why cities ,com.br,en,google
6,american cities alphabetical,2016-04-27 21:47:39,american are why cities ,com.br,en,google
7,american cities map,2016-04-27 21:47:39,american are why cities ,com.br,en,google
8,american cities beginning with p,2016-04-27 21:47:39,american are why cities ,com.br,en,google
9,american cities with subways,2016-04-27 21:47:39,american are why cities ,com.br,en,google
10,american cities beginning with c,2016-04-27 21:47:39,american are why cities ,com.br,en,google
11,american cities by size,2016-04-27 21:47:39,american are why cities ,com.br,en,google
12,american cities beginning with m,2016-04-27 21:47:39,american are why cities ,com.br,en,google
13,american cities that start with d,2016-04-27 21:47:39,american are why cities ,com.br,en,google
14,american cities a-z,2016-04-27 21:47:39,american are why cities ,com.br,en,google
15,american cities and states,2016-04-27 21:47:39,american are why cities ,com.br,en,google
16,american cities starting with m,2016-04-27 21:47:39,american are why cities ,com.br,en,google
17,american cities with french names,2016-04-27 21:47:39,american are why cities ,com.br,en,google
18,american cities starting with p,2016-04-27 21:47:39,american are why cities ,com.br,en,google
19,american cities beginning with a,2016-04-27 21:47:39,american are why cities ,com.br,en,google
0,why are american cities so boring,2016-04-27 21:47:39,american are cities why ,com.br,en,google
1,why are american cities so spread out,2016-04-27 21:47:39,american are cities why ,com.br,en,google
2,why are american cities so big,2016-04-27 21:47:39,american are cities why ,com.br,en,google
3,why are american cities grid,2016-04-27 21:47:39,american are cities why ,com.br,en,google
0,american cities are boring,2016-04-27 21:47:39,american cities why are ,com.br,en,google
1,american cities are dying,2016-04-27 21:47:39,american cities why are ,com.br,en,google
2,american cities that are on the rise,2016-04-27 21:47:39,american cities why are ,com.br,en,google
3,why are american cities so boring,2016-04-27 21:47:39,american cities why are ,com.br,en,google
4,why are american cities so spread out,2016-04-27 21:47:39,american cities why are ,com.br,en,google
5,why are american cities so big,2016-04-27 21:47:39,american cities why are ,com.br,en,google
6,why are american cities grid,2016-04-27 21:47:39,american cities why are ,com.br,en,google
0,why are american cities so boring,2016-04-27 21:47:39,american cities are why ,com.br,en,google
1,why are american cities so spread out,2016-04-27 21:47:39,american cities are why ,com.br,en,google
2,why are american cities so big,2016-04-27 21:47:39,american cities are why ,com.br,en,google
3,why are american cities grid,2016-04-27 21:47:39,american cities are why ,com.br,en,google
0,cities american airlines flies to,2016-04-27 21:47:39,cities why are american ,com.br,en,google
1,cities american,2016-04-27 21:47:39,cities why are american ,com.br,en,google
2,cities american samoa,2016-04-27 21:47:39,cities why are american ,com.br,en,google
3,cities american idol auditions 2014,2016-04-27 21:47:39,cities why are american ,com.br,en,google
4,cities american sniper is playing,2016-04-27 21:47:39,cities why are american ,com.br,en,google
5,cities american history,2016-04-27 21:47:39,cities why are american ,com.br,en,google
6,cities american airlines,2016-04-27 21:47:39,cities why are american ,com.br,en,google
7,cities american idol auditions,2016-04-27 21:47:39,cities why are american ,com.br,en,google
8,cities american idol auditions 2015,2016-04-27 21:47:39,cities why are american ,com.br,en,google
9,cities american idol,2016-04-27 21:47:39,cities why are american ,com.br,en,google
10,why are american cities so boring,2016-04-27 21:47:39,cities why are american ,com.br,en,google
11,why are american cities so spread out,2016-04-27 21:47:39,cities why are american ,com.br,en,google
12,why are american cities so big,2016-04-27 21:47:39,cities why are american ,com.br,en,google
13,why are american cities grid,2016-04-27 21:47:39,cities why are american ,com.br,en,google
0,why are american cities so boring,2016-04-27 21:47:39,cities why american are ,com.br,en,google
1,why are american cities so spread out,2016-04-27 21:47:39,cities why american are ,com.br,en,google
2,why are american cities so big,2016-04-27 21:47:39,cities why american are ,com.br,en,google
3,why are american cities grid,2016-04-27 21:47:39,cities why american are ,com.br,en,google
0,cities american airlines flies to,2016-04-27 21:47:39,cities are why american ,com.br,en,google
1,cities american,2016-04-27 21:47:39,cities are why american ,com.br,en,google
2,cities american samoa,2016-04-27 21:47:39,cities are why american ,com.br,en,google
3,cities american idol auditions 2014,2016-04-27 21:47:39,cities are why american ,com.br,en,google
4,cities american sniper is playing,2016-04-27 21:47:39,cities are why american ,com.br,en,google
5,cities american history,2016-04-27 21:47:39,cities are why american ,com.br,en,google
6,cities american airlines,2016-04-27 21:47:39,cities are why american ,com.br,en,google
7,cities american idol auditions,2016-04-27 21:47:39,cities are why american ,com.br,en,google
8,cities american idol auditions 2015,2016-04-27 21:47:39,cities are why american ,com.br,en,google
9,cities american idol,2016-04-27 21:47:39,cities are why american ,com.br,en,google
0,why are american cities so boring,2016-04-27 21:47:39,cities are american why ,com.br,en,google
1,why are american cities so spread out,2016-04-27 21:47:39,cities are american why ,com.br,en,google
2,why are american cities so big,2016-04-27 21:47:39,cities are american why ,com.br,en,google
3,why are american cities grid,2016-04-27 21:47:39,cities are american why ,com.br,en,google
0,american cities are boring,2016-04-27 21:47:39,cities american why are ,com.br,en,google
1,american cities are dying,2016-04-27 21:47:39,cities american why are ,com.br,en,google
2,why are american cities so boring,2016-04-27 21:47:39,cities american why are ,com.br,en,google
3,why are american cities so spread out,2016-04-27 21:47:39,cities american why are ,com.br,en,google
4,why are american cities so big,2016-04-27 21:47:39,cities american why are ,com.br,en,google
5,why are american cities grid,2016-04-27 21:47:39,cities american why are ,com.br,en,google
