0,why are brazilian soils often red,2016-04-27 21:43:24,why are brazilian ,com,en,google
1,why are brazilian gamers so toxic,2016-04-27 21:43:24,why are brazilian ,com,en,google
2,why are brazilian bonds so high,2016-04-27 21:43:24,why are brazilian ,com,en,google
3,why are brazilian gamers so,2016-04-27 21:43:24,why are brazilian ,com,en,google
4,why are brazilian so good-looking,2016-04-27 21:43:24,why are brazilian ,com,en,google
5,why are brazilian waxes so expensive,2016-04-27 21:43:24,why are brazilian ,com,en,google
6,why are brazilian blowouts so expensive,2016-04-27 21:43:24,why are brazilian ,com,en,google
7,why are brazilian names so long,2016-04-27 21:43:24,why are brazilian ,com,en,google
8,why are brazilian models white,2016-04-27 21:43:24,why are brazilian ,com,en,google
9,why are brazilian so beautiful,2016-04-27 21:43:24,why are brazilian ,com,en,google
10,why are brazilian footballers so good,2016-04-27 21:43:24,why are brazilian ,com,en,google
11,why are brazilian fighters so good,2016-04-27 21:43:24,why are brazilian ,com,en,google
0,why brazilian are so beautiful,2016-04-27 21:43:24,why brazilian are ,com,en,google
1,why brazilian are white,2016-04-27 21:43:24,why brazilian are ,com,en,google
2,why brazilian are good in football,2016-04-27 21:43:24,why brazilian are ,com,en,google
0,why are brazilian so good-looking,2016-04-27 21:43:25,are why brazilian ,com,en,google
1,why are brazilian footballers so good,2016-04-27 21:43:25,are why brazilian ,com,en,google
2,why are brazilian gamers,2016-04-27 21:43:25,are why brazilian ,com,en,google
3,why are brazilian blowouts illegal,2016-04-27 21:43:25,are why brazilian ,com,en,google
4,why are brazilian blowouts so expensive,2016-04-27 21:43:25,are why brazilian ,com,en,google
5,why are brazilian waxes so popular,2016-04-27 21:43:25,are why brazilian ,com,en,google
6,why are brazilian models white,2016-04-27 21:43:25,are why brazilian ,com,en,google
0,why are brazilian so good-looking,2016-04-27 21:43:25,are brazilian why ,com,en,google
1,why are brazilian footballers so good,2016-04-27 21:43:25,are brazilian why ,com,en,google
2,why are brazilian gamers,2016-04-27 21:43:25,are brazilian why ,com,en,google
3,why are brazilian blowouts illegal,2016-04-27 21:43:25,are brazilian why ,com,en,google
4,why are brazilian blowouts so expensive,2016-04-27 21:43:25,are brazilian why ,com,en,google
5,why are brazilian waxes so popular,2016-04-27 21:43:25,are brazilian why ,com,en,google
6,why are brazilian models white,2016-04-27 21:43:25,are brazilian why ,com,en,google
0,why brazilian are white,2016-04-27 21:43:25,brazilian why are ,com,en,google
1,why brazilian are good in football,2016-04-27 21:43:25,brazilian why are ,com,en,google
2,why brazilian footballers are so good,2016-04-27 21:43:25,brazilian why are ,com,en,google
0,why brazilian are white,2016-04-27 21:43:26,brazilian are why ,com,en,google
1,why brazilian are good in football,2016-04-27 21:43:26,brazilian are why ,com,en,google
