0,why is india so poor,2016-04-27 21:43:03,why is india ,com,en,google
1,why is india called a subcontinent,2016-04-27 21:43:03,why is india ,com,en,google
2,why is india so populated,2016-04-27 21:43:03,why is india ,com,en,google
3,why is india so dirty,2016-04-27 21:43:03,why is india ,com,en,google
4,why is india so cheap,2016-04-27 21:43:03,why is india ,com,en,google
5,why is india so polluted,2016-04-27 21:43:03,why is india ,com,en,google
6,why is india overpopulated,2016-04-27 21:43:03,why is india ,com,en,google
7,why is india a developing country,2016-04-27 21:43:03,why is india ,com,en,google
8,why is india love famous,2016-04-27 21:43:03,why is india ,com,en,google
9,why is india so filthy,2016-04-27 21:43:03,why is india ,com,en,google
10,why is india important,2016-04-27 21:43:03,why is india ,com,en,google
11,why is india called bharat,2016-04-27 21:43:03,why is india ,com,en,google
12,why is india so corrupt,2016-04-27 21:43:03,why is india ,com,en,google
13,why is india so hot,2016-04-27 21:43:03,why is india ,com,en,google
14,why is india so backward,2016-04-27 21:43:03,why is india ,com,en,google
15,why is india and pakistan fighting,2016-04-27 21:43:03,why is india ,com,en,google
16,why is india in poverty,2016-04-27 21:43:03,why is india ,com,en,google
17,why is india called the jewel in the crown,2016-04-27 21:43:03,why is india ,com,en,google
18,why is india so diverse,2016-04-27 21:43:03,why is india ,com,en,google
19,why is india so racist,2016-04-27 21:43:03,why is india ,com,en,google
0,why india is bad,2016-04-27 21:43:04,why india is ,com,en,google
1,why india is called india,2016-04-27 21:43:04,why india is ,com,en,google
2,why india is poor,2016-04-27 21:43:04,why india is ,com,en,google
3,why india is the best,2016-04-27 21:43:04,why india is ,com,en,google
4,why india is great,2016-04-27 21:43:04,why india is ,com,en,google
5,why india is better than china,2016-04-27 21:43:04,why india is ,com,en,google
6,why india is not a great power,2016-04-27 21:43:04,why india is ,com,en,google
7,why india is important,2016-04-27 21:43:04,why india is ,com,en,google
8,why india is amazing,2016-04-27 21:43:04,why india is ,com,en,google
9,why india is a great country,2016-04-27 21:43:04,why india is ,com,en,google
10,why india is considered as a subcontinent,2016-04-27 21:43:04,why india is ,com,en,google
11,why india is named as india,2016-04-27 21:43:04,why india is ,com,en,google
12,why india is good,2016-04-27 21:43:04,why india is ,com,en,google
13,why india is dirty,2016-04-27 21:43:04,why india is ,com,en,google
14,why india is a developing country,2016-04-27 21:43:04,why india is ,com,en,google
15,why india is fighting with pakistan,2016-04-27 21:43:04,why india is ,com,en,google
16,why india is polluted,2016-04-27 21:43:04,why india is ,com,en,google
17,why india is populated,2016-04-27 21:43:04,why india is ,com,en,google
18,why india is called bharat mata,2016-04-27 21:43:04,why india is ,com,en,google
19,why india is called republic of india,2016-04-27 21:43:04,why india is ,com,en,google
0,why is india so poor,2016-04-27 21:43:04,is why india ,com,en,google
1,why is india called a subcontinent,2016-04-27 21:43:04,is why india ,com,en,google
2,why is india so dirty,2016-04-27 21:43:04,is why india ,com,en,google
3,why is india so populated,2016-04-27 21:43:04,is why india ,com,en,google
4,why is india banned from olympics,2016-04-27 21:43:04,is why india ,com,en,google
5,why is india a subcontinent,2016-04-27 21:43:04,is why india ,com,en,google
6,why is india suspended from olympics,2016-04-27 21:43:04,is why india ,com,en,google
7,why is india westbrooks famous,2016-04-27 21:43:04,is why india ,com,en,google
8,why is india considered a subcontinent,2016-04-27 21:43:04,is why india ,com,en,google
9,why is india poor,2016-04-27 21:43:04,is why india ,com,en,google
10,why is india not in the olympics,2016-04-27 21:43:04,is why india ,com,en,google
11,why is india a developing country,2016-04-27 21:43:04,is why india ,com,en,google
12,why is india so filthy,2016-04-27 21:43:04,is why india ,com,en,google
13,why is india love westbrooks famous,2016-04-27 21:43:04,is why india ,com,en,google
14,why is india overpopulated,2016-04-27 21:43:04,is why india ,com,en,google
15,why is india still a developing country,2016-04-27 21:43:04,is why india ,com,en,google
16,why is india called bharat,2016-04-27 21:43:04,is why india ,com,en,google
17,why is india so corrupt,2016-04-27 21:43:04,is why india ,com,en,google
18,why is india's population so high,2016-04-27 21:43:04,is why india ,com,en,google
19,why is india so hot,2016-04-27 21:43:04,is why india ,com,en,google
0,india is great why,2016-04-27 21:43:04,is india why ,com,en,google
1,india is republic why,2016-04-27 21:43:04,is india why ,com,en,google
2,india is poor why,2016-04-27 21:43:04,is india why ,com,en,google
3,india is best why,2016-04-27 21:43:04,is india why ,com,en,google
4,why is india so poor,2016-04-27 21:43:04,is india why ,com,en,google
5,why is india called a subcontinent,2016-04-27 21:43:04,is india why ,com,en,google
6,why is india so dirty,2016-04-27 21:43:04,is india why ,com,en,google
7,why is india so populated,2016-04-27 21:43:04,is india why ,com,en,google
8,why is india banned from olympics,2016-04-27 21:43:04,is india why ,com,en,google
9,why is india a subcontinent,2016-04-27 21:43:04,is india why ,com,en,google
10,why is india suspended from olympics,2016-04-27 21:43:04,is india why ,com,en,google
11,why is india westbrooks famous,2016-04-27 21:43:04,is india why ,com,en,google
12,why is india considered a subcontinent,2016-04-27 21:43:04,is india why ,com,en,google
13,why is india not in the olympics,2016-04-27 21:43:04,is india why ,com,en,google
14,why is india a developing country,2016-04-27 21:43:04,is india why ,com,en,google
15,why is india so filthy,2016-04-27 21:43:04,is india why ,com,en,google
16,why is india love westbrooks famous,2016-04-27 21:43:04,is india why ,com,en,google
17,why is india overpopulated,2016-04-27 21:43:04,is india why ,com,en,google
18,why is india still a developing country,2016-04-27 21:43:04,is india why ,com,en,google
19,why is india called bharat,2016-04-27 21:43:04,is india why ,com,en,google
0,india why is the cow sacred,2016-04-27 21:43:04,india why is ,com,en,google
1,india why is it poor,2016-04-27 21:43:04,india why is ,com,en,google
2,why india is great,2016-04-27 21:43:04,india why is ,com,en,google
3,why india is called bharat,2016-04-27 21:43:04,india why is ,com,en,google
4,why india is called subcontinent,2016-04-27 21:43:04,india why is ,com,en,google
5,why india is still developing country,2016-04-27 21:43:04,india why is ,com,en,google
6,why india is not a developed country,2016-04-27 21:43:04,india why is ,com,en,google
7,why india is better than pakistan,2016-04-27 21:43:04,india why is ,com,en,google
8,why india is so dirty,2016-04-27 21:43:04,india why is ,com,en,google
9,why india is not in fifa,2016-04-27 21:43:04,india why is ,com,en,google
10,why india is so poor,2016-04-27 21:43:04,india why is ,com,en,google
11,why india is a developing country,2016-04-27 21:43:04,india why is ,com,en,google
12,why india is called hindustan,2016-04-27 21:43:04,india why is ,com,en,google
13,why india is better than china,2016-04-27 21:43:04,india why is ,com,en,google
14,why india is poor country,2016-04-27 21:43:04,india why is ,com,en,google
15,why india is better than usa,2016-04-27 21:43:04,india why is ,com,en,google
16,why india is famous,2016-04-27 21:43:04,india why is ,com,en,google
17,why india is incredible,2016-04-27 21:43:04,india why is ,com,en,google
18,why india is great country,2016-04-27 21:43:04,india why is ,com,en,google
19,why india is best country in the world,2016-04-27 21:43:04,india why is ,com,en,google
0,india why is the cow sacred,2016-04-27 21:43:04,india is why ,com,en,google
1,india why is it poor,2016-04-27 21:43:04,india is why ,com,en,google
2,india is great why,2016-04-27 21:43:04,india is why ,com,en,google
3,india is republic why,2016-04-27 21:43:04,india is why ,com,en,google
4,india is best why,2016-04-27 21:43:04,india is why ,com,en,google
5,india westbrooks why is she famous,2016-04-27 21:43:04,india is why ,com,en,google
6,india is developing country why,2016-04-27 21:43:04,india is why ,com,en,google
7,india is a subcontinent why,2016-04-27 21:43:04,india is why ,com,en,google
8,india is great country why,2016-04-27 21:43:04,india is why ,com,en,google
9,india's daughter why is it banned,2016-04-27 21:43:04,india is why ,com,en,google
10,india is called subcontinent why,2016-04-27 21:43:04,india is why ,com,en,google
11,why india is called bharat,2016-04-27 21:43:04,india is why ,com,en,google
12,why india is still developing country,2016-04-27 21:43:04,india is why ,com,en,google
13,why india is not a developed country,2016-04-27 21:43:04,india is why ,com,en,google
14,why india is better than pakistan,2016-04-27 21:43:04,india is why ,com,en,google
15,why india is so dirty,2016-04-27 21:43:04,india is why ,com,en,google
16,why india is not in fifa,2016-04-27 21:43:04,india is why ,com,en,google
17,why india is so poor,2016-04-27 21:43:04,india is why ,com,en,google
18,why india is called hindustan,2016-04-27 21:43:04,india is why ,com,en,google
19,why india is better than china,2016-04-27 21:43:04,india is why ,com,en,google
