0,why is brazil so violent,2016-04-27 21:42:54,why is brazil ,com.br,en,google
1,why is brazil so big,2016-04-27 21:42:54,why is brazil ,com.br,en,google
2,why is brazil called brazil,2016-04-27 21:42:54,why is brazil ,com.br,en,google
3,why is brazil in recession,2016-04-27 21:42:54,why is brazil ,com.br,en,google
4,why is brazil poor,2016-04-27 21:42:54,why is brazil ,com.br,en,google
5,why is brazil so corrupt,2016-04-27 21:42:54,why is brazil ,com.br,en,google
6,why is brazil important,2016-04-27 21:42:54,why is brazil ,com.br,en,google
7,why is brazil protesting,2016-04-27 21:42:54,why is brazil ,com.br,en,google
8,why is brazil so populated,2016-04-27 21:42:54,why is brazil ,com.br,en,google
9,why is brazil so expensive,2016-04-27 21:42:54,why is brazil ,com.br,en,google
10,why is brazil hosting the olympics,2016-04-27 21:42:54,why is brazil ,com.br,en,google
11,why is brazil so hot,2016-04-27 21:42:54,why is brazil ,com.br,en,google
12,why is brazil portuguese,2016-04-27 21:42:54,why is brazil ,com.br,en,google
13,why is brazil so rich in hydroelectric power,2016-04-27 21:42:54,why is brazil ,com.br,en,google
14,why is brazil so diverse,2016-04-27 21:42:54,why is brazil ,com.br,en,google
15,why is brazil an emerging market,2016-04-27 21:42:54,why is brazil ,com.br,en,google
16,why is brazil spelled with an s,2016-04-27 21:42:54,why is brazil ,com.br,en,google
17,why is brazil a superpower,2016-04-27 21:42:54,why is brazil ,com.br,en,google
18,why is brazil in the news,2016-04-27 21:42:54,why is brazil ,com.br,en,google
19,why is brazil dangerous,2016-04-27 21:42:54,why is brazil ,com.br,en,google
0,why brazil is in recession,2016-04-27 21:42:54,why brazil is ,com.br,en,google
1,why brazil is famous,2016-04-27 21:42:54,why brazil is ,com.br,en,google
2,why brazil is the best,2016-04-27 21:42:54,why brazil is ,com.br,en,google
3,why brazil is important,2016-04-27 21:42:54,why brazil is ,com.br,en,google
4,why brazil is so poor,2016-04-27 21:42:54,why brazil is ,com.br,en,google
5,why brazil is dangerous,2016-04-27 21:42:54,why brazil is ,com.br,en,google
6,why brazil is an emerging market,2016-04-27 21:42:54,why brazil is ,com.br,en,google
7,why brazil is a developing country,2016-04-27 21:42:54,why brazil is ,com.br,en,google
8,why brazil is a good place to visit,2016-04-27 21:42:54,why brazil is ,com.br,en,google
9,why brazil is a closed economy,2016-04-27 21:42:54,why brazil is ,com.br,en,google
10,why brazil is freaking out,2016-04-27 21:42:54,why brazil is ,com.br,en,google
11,why brazil is amazing,2016-04-27 21:42:54,why brazil is ,com.br,en,google
12,why brazil is so violent,2016-04-27 21:42:54,why brazil is ,com.br,en,google
13,why brazil is called brazil,2016-04-27 21:42:54,why brazil is ,com.br,en,google
14,why brazil is the best country in the world,2016-04-27 21:42:54,why brazil is ,com.br,en,google
15,why brazil is better than america,2016-04-27 21:42:54,why brazil is ,com.br,en,google
16,why brazil is so big,2016-04-27 21:42:54,why brazil is ,com.br,en,google
17,why brazil is the best country,2016-04-27 21:42:54,why brazil is ,com.br,en,google
18,why brazil is so dangerous,2016-04-27 21:42:54,why brazil is ,com.br,en,google
19,why brazil is the worst country,2016-04-27 21:42:54,why brazil is ,com.br,en,google
0,why is brazil spelled brasil,2016-04-27 21:42:55,is why brazil ,com.br,en,google
1,why is brazil a developing country,2016-04-27 21:42:55,is why brazil ,com.br,en,google
2,why is brazil so expensive,2016-04-27 21:42:55,is why brazil ,com.br,en,google
3,why is brazil so violent,2016-04-27 21:42:55,is why brazil ,com.br,en,google
4,why is brazil so dangerous,2016-04-27 21:42:55,is why brazil ,com.br,en,google
5,why is brazil so poor,2016-04-27 21:42:55,is why brazil ,com.br,en,google
6,why is brazil so big,2016-04-27 21:42:55,is why brazil ,com.br,en,google
7,why is brazil spelt brasil,2016-04-27 21:42:55,is why brazil ,com.br,en,google
8,why is brazil so good at soccer,2016-04-27 21:42:55,is why brazil ,com.br,en,google
9,why is brazil spelled with a z and brasilia with a s,2016-04-27 21:42:55,is why brazil ,com.br,en,google
10,why is brazil protesting the world cup,2016-04-27 21:42:55,is why brazil ,com.br,en,google
11,why is brazil famous,2016-04-27 21:42:55,is why brazil ,com.br,en,google
12,why is brazil spelt with an s,2016-04-27 21:42:55,is why brazil ,com.br,en,google
13,why is brazil spelled with an s,2016-04-27 21:42:55,is why brazil ,com.br,en,google
14,why is brazil so good at football,2016-04-27 21:42:55,is why brazil ,com.br,en,google
15,why is brazil an emerging market economy,2016-04-27 21:42:55,is why brazil ,com.br,en,google
16,why is brazil poor,2016-04-27 21:42:55,is why brazil ,com.br,en,google
17,why is brazil portuguese and not spanish,2016-04-27 21:42:55,is why brazil ,com.br,en,google
18,why is brazil important,2016-04-27 21:42:55,is why brazil ,com.br,en,google
19,why is brazil sometimes spelled with an s,2016-04-27 21:42:55,is why brazil ,com.br,en,google
0,this is why brazil lost,2016-04-27 21:42:55,is brazil why ,com.br,en,google
1,this is why brazil lost 9gag,2016-04-27 21:42:55,is brazil why ,com.br,en,google
2,why is brazil a developing country,2016-04-27 21:42:55,is brazil why ,com.br,en,google
3,why is brazil so expensive,2016-04-27 21:42:55,is brazil why ,com.br,en,google
4,why is brazil so violent,2016-04-27 21:42:55,is brazil why ,com.br,en,google
5,why is brazil so dangerous,2016-04-27 21:42:55,is brazil why ,com.br,en,google
6,why is brazil so poor,2016-04-27 21:42:55,is brazil why ,com.br,en,google
7,why is brazil so big,2016-04-27 21:42:55,is brazil why ,com.br,en,google
8,why is brazil so good at soccer,2016-04-27 21:42:55,is brazil why ,com.br,en,google
9,why is brazil protesting the world cup,2016-04-27 21:42:55,is brazil why ,com.br,en,google
10,why is brazil famous,2016-04-27 21:42:55,is brazil why ,com.br,en,google
11,why is brazil spelt with an s,2016-04-27 21:42:55,is brazil why ,com.br,en,google
12,why is brazil spelled with an s,2016-04-27 21:42:55,is brazil why ,com.br,en,google
13,why is brazil so good at football,2016-04-27 21:42:55,is brazil why ,com.br,en,google
14,why is brazil an emerging market economy,2016-04-27 21:42:55,is brazil why ,com.br,en,google
15,why is brazil poor,2016-04-27 21:42:55,is brazil why ,com.br,en,google
16,why is brazil portuguese and not spanish,2016-04-27 21:42:55,is brazil why ,com.br,en,google
17,why is brazil important,2016-04-27 21:42:55,is brazil why ,com.br,en,google
18,why is brazil sometimes spelled with an s,2016-04-27 21:42:55,is brazil why ,com.br,en,google
19,why is brazil hosting the world cup,2016-04-27 21:42:55,is brazil why ,com.br,en,google
0,why brazil is so expensive,2016-04-27 21:42:55,brazil why is ,com.br,en,google
1,why brazil is famous,2016-04-27 21:42:55,brazil why is ,com.br,en,google
2,why brazil is the best country,2016-04-27 21:42:55,brazil why is ,com.br,en,google
3,why brazil is dangerous,2016-04-27 21:42:55,brazil why is ,com.br,en,google
4,why brazil is so big,2016-04-27 21:42:55,brazil why is ,com.br,en,google
5,why brazil is a developing country,2016-04-27 21:42:55,brazil why is ,com.br,en,google
6,why brazil is awesome,2016-04-27 21:42:55,brazil why is ,com.br,en,google
7,why brazil is so good at football,2016-04-27 21:42:55,brazil why is ,com.br,en,google
8,why brazil is the best soccer team,2016-04-27 21:42:55,brazil why is ,com.br,en,google
9,why brazil is poor,2016-04-27 21:42:55,brazil why is ,com.br,en,google
10,why brazil is so poor,2016-04-27 21:42:55,brazil why is ,com.br,en,google
11,why brazil is good at soccer,2016-04-27 21:42:55,brazil why is ,com.br,en,google
12,why brazil is an emerging market,2016-04-27 21:42:55,brazil why is ,com.br,en,google
13,why brazil is so violent,2016-04-27 21:42:55,brazil why is ,com.br,en,google
14,why brazil is bad,2016-04-27 21:42:55,brazil why is ,com.br,en,google
15,why brazil is better than argentina,2016-04-27 21:42:55,brazil why is ,com.br,en,google
16,why brazil is a good place to visit,2016-04-27 21:42:55,brazil why is ,com.br,en,google
17,why brazil is not in euro 2012,2016-04-27 21:42:55,brazil why is ,com.br,en,google
18,why brazil is so dangerous,2016-04-27 21:42:55,brazil why is ,com.br,en,google
19,why brazil is better than america,2016-04-27 21:42:55,brazil why is ,com.br,en,google
0,brazil carnival why is it celebrated,2016-04-27 21:42:55,brazil is why ,com.br,en,google
1,why brazil is so expensive,2016-04-27 21:42:55,brazil is why ,com.br,en,google
2,why brazil is famous,2016-04-27 21:42:55,brazil is why ,com.br,en,google
3,why brazil is the best country,2016-04-27 21:42:55,brazil is why ,com.br,en,google
4,why brazil is dangerous,2016-04-27 21:42:55,brazil is why ,com.br,en,google
5,why brazil is so big,2016-04-27 21:42:55,brazil is why ,com.br,en,google
6,why brazil is a developing country,2016-04-27 21:42:55,brazil is why ,com.br,en,google
7,why brazil is awesome,2016-04-27 21:42:55,brazil is why ,com.br,en,google
8,why brazil is so good at football,2016-04-27 21:42:55,brazil is why ,com.br,en,google
9,why brazil is the best soccer team,2016-04-27 21:42:55,brazil is why ,com.br,en,google
10,why brazil is poor,2016-04-27 21:42:55,brazil is why ,com.br,en,google
11,why brazil is so poor,2016-04-27 21:42:55,brazil is why ,com.br,en,google
12,why brazil is good at soccer,2016-04-27 21:42:55,brazil is why ,com.br,en,google
13,why brazil is an emerging market,2016-04-27 21:42:55,brazil is why ,com.br,en,google
14,why brazil is so violent,2016-04-27 21:42:55,brazil is why ,com.br,en,google
15,why brazil is bad,2016-04-27 21:42:55,brazil is why ,com.br,en,google
16,why brazil is better than argentina,2016-04-27 21:42:55,brazil is why ,com.br,en,google
17,why brazil is a good place to visit,2016-04-27 21:42:55,brazil is why ,com.br,en,google
18,why brazil is not in euro 2012,2016-04-27 21:42:55,brazil is why ,com.br,en,google
19,why brazil is so dangerous,2016-04-27 21:42:55,brazil is why ,com.br,en,google
