0,why are american egg shells white,2016-04-27 21:43:46,why are american ,co.uk,en,google
1,why are american houses made of wood,2016-04-27 21:43:46,why are american ,co.uk,en,google
2,why are american cars so bad,2016-04-27 21:43:46,why are american ,co.uk,en,google
3,why are american eggs white,2016-04-27 21:43:46,why are american ,co.uk,en,google
4,why are american dates backwards,2016-04-27 21:43:46,why are american ,co.uk,en,google
5,why are american cars so big,2016-04-27 21:43:46,why are american ,co.uk,en,google
6,why are american teeth so white,2016-04-27 21:43:46,why are american ,co.uk,en,google
7,why are american trains so slow,2016-04-27 21:43:46,why are american ,co.uk,en,google
8,why are american portions so big,2016-04-27 21:43:46,why are american ,co.uk,en,google
9,why are american cars so ugly,2016-04-27 21:43:46,why are american ,co.uk,en,google
10,why are american pacifiers so big,2016-04-27 21:43:46,why are american ,co.uk,en,google
11,why are american comedians not funny,2016-04-27 21:43:46,why are american ,co.uk,en,google
12,why are american pints smaller,2016-04-27 21:43:46,why are american ,co.uk,en,google
13,why are american eggs pure white,2016-04-27 21:43:46,why are american ,co.uk,en,google
14,why are american toilets different,2016-04-27 21:43:46,why are american ,co.uk,en,google
15,why are american houses so nice,2016-04-27 21:43:46,why are american ,co.uk,en,google
16,why are american elections so expensive,2016-04-27 21:43:46,why are american ,co.uk,en,google
17,why are american males circumcised,2016-04-27 21:43:46,why are american ,co.uk,en,google
18,why are american so angry,2016-04-27 21:43:46,why are american ,co.uk,en,google
19,why are american eggs so yellow,2016-04-27 21:43:46,why are american ,co.uk,en,google
0,why american are white,2016-04-27 21:43:46,why american are ,co.uk,en,google
1,why american are rude,2016-04-27 21:43:46,why american are ,co.uk,en,google
2,why american are taller,2016-04-27 21:43:46,why american are ,co.uk,en,google
3,why american are rich,2016-04-27 21:43:46,why american are ,co.uk,en,google
4,why american are smart,2016-04-27 21:43:46,why american are ,co.uk,en,google
5,why american are individualistic,2016-04-27 21:43:46,why american are ,co.uk,en,google
6,why american are not allowed to cuba,2016-04-27 21:43:46,why american are ,co.uk,en,google
7,why american are in debt,2016-04-27 21:43:46,why american are ,co.uk,en,google
8,why american are materialistic,2016-04-27 21:43:46,why american are ,co.uk,en,google
9,why american are called gringo,2016-04-27 21:43:46,why american are ,co.uk,en,google
10,why american are tall,2016-04-27 21:43:46,why american are ,co.uk,en,google
11,why american are in afghanistan,2016-04-27 21:43:46,why american are ,co.uk,en,google
12,why american are loud,2016-04-27 21:43:46,why american are ,co.uk,en,google
13,converting to islam in america,2016-04-27 21:43:46,why american are ,co.uk,en,google
14,why american are so,2016-04-27 21:43:46,why american are ,co.uk,en,google
0,why are american eggs white,2016-04-27 21:43:46,are why american ,co.uk,en,google
1,why are american flags backwards,2016-04-27 21:43:46,are why american ,co.uk,en,google
2,why are american egg shells white,2016-04-27 21:43:46,are why american ,co.uk,en,google
3,why are american flags backwards on uniforms,2016-04-27 21:43:46,are why american ,co.uk,en,google
4,why are american houses made of wood,2016-04-27 21:43:46,are why american ,co.uk,en,google
5,why are american houses so big,2016-04-27 21:43:46,are why american ,co.uk,en,google
6,why are american flags at half mast today,2016-04-27 21:43:46,are why american ,co.uk,en,google
7,why are american eggs so white,2016-04-27 21:43:46,are why american ,co.uk,en,google
8,why are american flag patches backwards,2016-04-27 21:43:46,are why american ,co.uk,en,google
9,why are american police so brutal,2016-04-27 21:43:46,are why american ,co.uk,en,google
10,why are american dolls so expensive,2016-04-27 21:43:46,are why american ,co.uk,en,google
11,why are american cars so big,2016-04-27 21:43:46,are why american ,co.uk,en,google
12,why are american police so aggressive,2016-04-27 21:43:46,are why american ,co.uk,en,google
13,why are american cops so aggressive,2016-04-27 21:43:46,are why american ,co.uk,en,google
14,why are american universities so expensive,2016-04-27 21:43:46,are why american ,co.uk,en,google
15,why are american girl dolls expensive,2016-04-27 21:43:46,are why american ,co.uk,en,google
16,why are american schools failing,2016-04-27 21:43:46,are why american ,co.uk,en,google
0,why are american eggs white,2016-04-27 21:43:47,are american why ,co.uk,en,google
1,why are american flags backwards,2016-04-27 21:43:47,are american why ,co.uk,en,google
2,why are american egg shells white,2016-04-27 21:43:47,are american why ,co.uk,en,google
3,why are american flags backwards on uniforms,2016-04-27 21:43:47,are american why ,co.uk,en,google
4,why are american houses made of wood,2016-04-27 21:43:47,are american why ,co.uk,en,google
5,why are american houses so big,2016-04-27 21:43:47,are american why ,co.uk,en,google
6,why are american flags at half mast today,2016-04-27 21:43:47,are american why ,co.uk,en,google
7,why are american eggs so white,2016-04-27 21:43:47,are american why ,co.uk,en,google
8,why are american flag patches backwards,2016-04-27 21:43:47,are american why ,co.uk,en,google
9,why are american police so brutal,2016-04-27 21:43:47,are american why ,co.uk,en,google
10,why are american dolls so expensive,2016-04-27 21:43:47,are american why ,co.uk,en,google
11,why are american cars so big,2016-04-27 21:43:47,are american why ,co.uk,en,google
12,why are american police so aggressive,2016-04-27 21:43:47,are american why ,co.uk,en,google
13,why are american cops so aggressive,2016-04-27 21:43:47,are american why ,co.uk,en,google
14,why are american universities so expensive,2016-04-27 21:43:47,are american why ,co.uk,en,google
15,why are american girl dolls expensive,2016-04-27 21:43:47,are american why ,co.uk,en,google
16,why are american schools failing,2016-04-27 21:43:47,are american why ,co.uk,en,google
0,why american are white,2016-04-27 21:43:47,american why are ,co.uk,en,google
1,why american are tall,2016-04-27 21:43:47,american why are ,co.uk,en,google
2,why american are rich,2016-04-27 21:43:47,american why are ,co.uk,en,google
3,why american are not allowed to cuba,2016-04-27 21:43:47,american why are ,co.uk,en,google
4,why american are smart,2016-04-27 21:43:47,american why are ,co.uk,en,google
5,why american are rude,2016-04-27 21:43:47,american why are ,co.uk,en,google
6,why american are in afghanistan,2016-04-27 21:43:47,american why are ,co.uk,en,google
7,why american are so loud,2016-04-27 21:43:47,american why are ,co.uk,en,google
8,why american are loud,2016-04-27 21:43:47,american why are ,co.uk,en,google
9,converting to islam in america,2016-04-27 21:43:47,american why are ,co.uk,en,google
10,why american are so,2016-04-27 21:43:47,american why are ,co.uk,en,google
11,why american are so tall,2016-04-27 21:43:47,american why are ,co.uk,en,google
12,why american cars are junk,2016-04-27 21:43:47,american why are ,co.uk,en,google
13,why american schools are failing,2016-04-27 21:43:47,american why are ,co.uk,en,google
0,why american are white,2016-04-27 21:43:47,american are why ,co.uk,en,google
1,why american are tall,2016-04-27 21:43:47,american are why ,co.uk,en,google
2,why american are rich,2016-04-27 21:43:47,american are why ,co.uk,en,google
3,why american are rude,2016-04-27 21:43:47,american are why ,co.uk,en,google
4,why american are in afghanistan,2016-04-27 21:43:47,american are why ,co.uk,en,google
5,why american are loud,2016-04-27 21:43:47,american are why ,co.uk,en,google
6,converting to islam in america,2016-04-27 21:43:47,american are why ,co.uk,en,google
7,why american are so,2016-04-27 21:43:47,american are why ,co.uk,en,google
