0,why are indian tourists so rude,2016-04-27 21:46:21,why are indian tourists ,com.br,en,google
0,why are indian tourists so rude,2016-04-27 21:46:21,why are tourists indian ,com.br,en,google
0,why are indian tourists so rude,2016-04-27 21:46:22,why indian are tourists ,com.br,en,google
0,why are indian tourists so rude,2016-04-27 21:46:22,why indian tourists are ,com.br,en,google
0,why are indian tourists so rude,2016-04-27 21:46:22,why tourists are indian ,com.br,en,google
0,why are indian tourists so rude,2016-04-27 21:46:22,are why indian tourists ,com.br,en,google
0,why are indian tourists so rude,2016-04-27 21:46:22,are why tourists indian ,com.br,en,google
0,why are indian tourists so rude,2016-04-27 21:46:22,are indian why tourists ,com.br,en,google
0,why are indian tourists so rude,2016-04-27 21:46:22,are indian tourists why ,com.br,en,google
0,why are indian tourists so rude,2016-04-27 21:46:22,are tourists indian why ,com.br,en,google
0,indian tourists are rude,2016-04-27 21:46:23,indian why are tourists ,com.br,en,google
1,indian tourists,2016-04-27 21:46:23,indian why are tourists ,com.br,en,google
2,indian tourists behaviour,2016-04-27 21:46:23,indian why are tourists ,com.br,en,google
3,indian tourists in thailand,2016-04-27 21:46:23,indian why are tourists ,com.br,en,google
4,indian tourists travelling abroad,2016-04-27 21:46:23,indian why are tourists ,com.br,en,google
5,indian tourists in pakistan,2016-04-27 21:46:23,indian why are tourists ,com.br,en,google
6,indian tourists in switzerland,2016-04-27 21:46:23,indian why are tourists ,com.br,en,google
7,indian tourists in europe,2016-04-27 21:46:23,indian why are tourists ,com.br,en,google
8,indian tourists abroad,2016-04-27 21:46:23,indian why are tourists ,com.br,en,google
9,indian tourists in australia,2016-04-27 21:46:23,indian why are tourists ,com.br,en,google
10,indian tourists places,2016-04-27 21:46:23,indian why are tourists ,com.br,en,google
11,indian tourists in singapore,2016-04-27 21:46:23,indian why are tourists ,com.br,en,google
12,indian tourists attractions,2016-04-27 21:46:23,indian why are tourists ,com.br,en,google
13,indian tourists in sri lanka,2016-04-27 21:46:23,indian why are tourists ,com.br,en,google
14,indian tourists in israel,2016-04-27 21:46:23,indian why are tourists ,com.br,en,google
15,indian tourists in usa,2016-04-27 21:46:23,indian why are tourists ,com.br,en,google
16,indian tourists in russia,2016-04-27 21:46:23,indian why are tourists ,com.br,en,google
17,indian tourists in dubai,2016-04-27 21:46:23,indian why are tourists ,com.br,en,google
18,indian tourists in china,2016-04-27 21:46:23,indian why are tourists ,com.br,en,google
19,indian tourists in nepal,2016-04-27 21:46:23,indian why are tourists ,com.br,en,google
0,indian tourists are rude,2016-04-27 21:46:23,indian why tourists are ,com.br,en,google
0,indian tourists,2016-04-27 21:46:23,indian are why tourists ,com.br,en,google
1,indian tourists behaviour,2016-04-27 21:46:23,indian are why tourists ,com.br,en,google
2,indian tourists in thailand,2016-04-27 21:46:23,indian are why tourists ,com.br,en,google
3,indian tourists rude,2016-04-27 21:46:23,indian are why tourists ,com.br,en,google
4,indian tourists travelling abroad,2016-04-27 21:46:23,indian are why tourists ,com.br,en,google
5,indian tourists in pakistan,2016-04-27 21:46:23,indian are why tourists ,com.br,en,google
6,indian tourists in switzerland,2016-04-27 21:46:23,indian are why tourists ,com.br,en,google
7,indian tourists in europe,2016-04-27 21:46:23,indian are why tourists ,com.br,en,google
8,indian tourists abroad,2016-04-27 21:46:23,indian are why tourists ,com.br,en,google
9,indian tourists in australia,2016-04-27 21:46:23,indian are why tourists ,com.br,en,google
10,indian tourists places,2016-04-27 21:46:23,indian are why tourists ,com.br,en,google
11,indian tourists in singapore,2016-04-27 21:46:23,indian are why tourists ,com.br,en,google
12,indian tourists attractions,2016-04-27 21:46:23,indian are why tourists ,com.br,en,google
13,indian tourists in sri lanka,2016-04-27 21:46:23,indian are why tourists ,com.br,en,google
14,indian tourists in israel,2016-04-27 21:46:23,indian are why tourists ,com.br,en,google
15,indian tourists in usa,2016-04-27 21:46:23,indian are why tourists ,com.br,en,google
16,indian tourists in russia,2016-04-27 21:46:23,indian are why tourists ,com.br,en,google
17,indian tourists in dubai,2016-04-27 21:46:23,indian are why tourists ,com.br,en,google
18,indian tourists in china,2016-04-27 21:46:23,indian are why tourists ,com.br,en,google
19,indian tourists in nepal,2016-04-27 21:46:23,indian are why tourists ,com.br,en,google
0,why are indian tourists so rude,2016-04-27 21:46:23,indian are tourists why ,com.br,en,google
0,indian tourists are rude,2016-04-27 21:46:23,indian tourists why are ,com.br,en,google
1,why are indian tourists so rude,2016-04-27 21:46:23,indian tourists why are ,com.br,en,google
0,why are indian tourists so rude,2016-04-27 21:46:23,indian tourists are why ,com.br,en,google
0,why are indian tourists so rude,2016-04-27 21:46:23,tourists why are indian ,com.br,en,google
0,why are indian tourists so rude,2016-04-27 21:46:23,tourists why indian are ,com.br,en,google
0,why are indian tourists so rude,2016-04-27 21:46:23,tourists are why indian ,com.br,en,google
0,why are indian tourists so rude,2016-04-27 21:46:23,tourists are indian why ,com.br,en,google
0,indian tourists are rude,2016-04-27 21:46:24,tourists indian why are ,com.br,en,google
1,why are indian tourists so rude,2016-04-27 21:46:24,tourists indian why are ,com.br,en,google
