0,american men's institute,2016-04-27 21:44:49,american why are men ,com.mx,en,google
1,american men's clothing brands,2016-04-27 21:44:49,american why are men ,com.mx,en,google
0,american men's institute,2016-04-27 21:44:49,american are why men ,com.mx,en,google
1,american men's clothing brands,2016-04-27 21:44:49,american are why men ,com.mx,en,google
2,american men's tennis rankings,2016-04-27 21:44:49,american are why men ,com.mx,en,google
3,american men's studies association,2016-04-27 21:44:49,american are why men ,com.mx,en,google
4,american men's soccer team,2016-04-27 21:44:49,american are why men ,com.mx,en,google
0,men's american football costume,2016-04-27 21:44:50,men why are american ,com.mx,en,google
1,men's american football tops,2016-04-27 21:44:50,men why are american ,com.mx,en,google
2,men's american apparel underwear,2016-04-27 21:44:50,men why are american ,com.mx,en,google
3,men's american football jersey,2016-04-27 21:44:50,men why are american ,com.mx,en,google
4,men's american football fancy dress,2016-04-27 21:44:50,men why are american ,com.mx,en,google
5,men's american flag swimsuit,2016-04-27 21:44:50,men why are american ,com.mx,en,google
6,men's american flag bathing suit,2016-04-27 21:44:50,men why are american ,com.mx,en,google
7,men's american eagle shirts,2016-04-27 21:44:50,men why are american ,com.mx,en,google
8,men's american apparel size chart,2016-04-27 21:44:50,men why are american ,com.mx,en,google
9,men's american flag socks,2016-04-27 21:44:50,men why are american ,com.mx,en,google
10,men's american flag boots,2016-04-27 21:44:50,men why are american ,com.mx,en,google
0,men's american football costume,2016-04-27 21:44:50,men are why american ,com.mx,en,google
1,men's american football tops,2016-04-27 21:44:50,men are why american ,com.mx,en,google
2,men's american apparel underwear,2016-04-27 21:44:50,men are why american ,com.mx,en,google
3,men's american football jersey,2016-04-27 21:44:50,men are why american ,com.mx,en,google
4,men's american football fancy dress,2016-04-27 21:44:50,men are why american ,com.mx,en,google
5,men's american flag swimsuit,2016-04-27 21:44:50,men are why american ,com.mx,en,google
6,men's american flag bathing suit,2016-04-27 21:44:50,men are why american ,com.mx,en,google
7,men's american eagle shirts,2016-04-27 21:44:50,men are why american ,com.mx,en,google
8,men's american apparel size chart,2016-04-27 21:44:50,men are why american ,com.mx,en,google
9,men's american flag socks,2016-04-27 21:44:50,men are why american ,com.mx,en,google
10,men's american flag boots,2016-04-27 21:44:50,men are why american ,com.mx,en,google
