0,why are brazilian cities growing so rapidly,2016-04-27 21:47:07,why are brazilian cities ,co.uk,en,google
0,why are brazilian cities growing so rapidly,2016-04-27 21:47:07,why are cities brazilian ,co.uk,en,google
0,why are brazilian cities growing so rapidly,2016-04-27 21:47:07,why brazilian are cities ,co.uk,en,google
0,why are brazilian cities growing so rapidly,2016-04-27 21:47:07,why brazilian cities are ,co.uk,en,google
0,why are brazilian cities growing so rapidly,2016-04-27 21:47:07,why cities are brazilian ,co.uk,en,google
0,why are brazilian cities growing so rapidly,2016-04-27 21:47:07,why cities brazilian are ,co.uk,en,google
0,why are brazilian cities growing so rapidly,2016-04-27 21:47:08,are why brazilian cities ,co.uk,en,google
0,why are brazilian cities growing so rapidly,2016-04-27 21:47:08,are why cities brazilian ,co.uk,en,google
0,why are brazilian cities growing so rapidly,2016-04-27 21:47:08,are brazilian why cities ,co.uk,en,google
0,why are brazilian cities growing so rapidly,2016-04-27 21:47:08,are brazilian cities why ,co.uk,en,google
0,why are brazilian cities growing so rapidly,2016-04-27 21:47:08,are cities brazilian why ,co.uk,en,google
0,brazilian cities,2016-04-27 21:47:08,brazilian why are cities ,co.uk,en,google
1,brazilian cities by population,2016-04-27 21:47:08,brazilian why are cities ,co.uk,en,google
2,brazilian cities hosting world cup,2016-04-27 21:47:08,brazilian why are cities ,co.uk,en,google
3,brazilian cities map,2016-04-27 21:47:08,brazilian why are cities ,co.uk,en,google
4,brazilian cities names,2016-04-27 21:47:08,brazilian why are cities ,co.uk,en,google
5,brazilian cities and towns,2016-04-27 21:47:08,brazilian why are cities ,co.uk,en,google
6,brazilian cities world cup 2014,2016-04-27 21:47:08,brazilian why are cities ,co.uk,en,google
7,brazilian cities to visit,2016-04-27 21:47:08,brazilian why are cities ,co.uk,en,google
8,brazilian cities list,2016-04-27 21:47:08,brazilian why are cities ,co.uk,en,google
9,brazilian cities for world cup,2016-04-27 21:47:08,brazilian why are cities ,co.uk,en,google
10,brazilian cities by size,2016-04-27 21:47:08,brazilian why are cities ,co.uk,en,google
11,brazilian cities by gdp,2016-04-27 21:47:08,brazilian why are cities ,co.uk,en,google
12,brazilian cities alphabetical order,2016-04-27 21:47:08,brazilian why are cities ,co.uk,en,google
13,brazilian cities and states,2016-04-27 21:47:08,brazilian why are cities ,co.uk,en,google
14,brazilian cities near the amazon rainforest,2016-04-27 21:47:08,brazilian why are cities ,co.uk,en,google
15,brazilian cities starting with s,2016-04-27 21:47:08,brazilian why are cities ,co.uk,en,google
16,brazilian cities wiki,2016-04-27 21:47:08,brazilian why are cities ,co.uk,en,google
17,brazilian cities in the amazon,2016-04-27 21:47:08,brazilian why are cities ,co.uk,en,google
18,brazilian cities wikipedia,2016-04-27 21:47:08,brazilian why are cities ,co.uk,en,google
19,brazilian cities gdp per capita,2016-04-27 21:47:08,brazilian why are cities ,co.uk,en,google
0,brazilian cities,2016-04-27 21:47:08,brazilian are why cities ,co.uk,en,google
1,brazilian cities by population,2016-04-27 21:47:08,brazilian are why cities ,co.uk,en,google
2,brazilian cities hosting world cup,2016-04-27 21:47:08,brazilian are why cities ,co.uk,en,google
3,brazilian cities map,2016-04-27 21:47:08,brazilian are why cities ,co.uk,en,google
4,brazilian cities names,2016-04-27 21:47:08,brazilian are why cities ,co.uk,en,google
5,brazilian cities and towns,2016-04-27 21:47:08,brazilian are why cities ,co.uk,en,google
6,brazilian cities world cup 2014,2016-04-27 21:47:08,brazilian are why cities ,co.uk,en,google
7,brazilian cities to visit,2016-04-27 21:47:08,brazilian are why cities ,co.uk,en,google
8,brazilian cities list,2016-04-27 21:47:08,brazilian are why cities ,co.uk,en,google
9,brazilian cities for world cup,2016-04-27 21:47:08,brazilian are why cities ,co.uk,en,google
10,brazilian cities by size,2016-04-27 21:47:08,brazilian are why cities ,co.uk,en,google
11,brazilian cities by gdp,2016-04-27 21:47:08,brazilian are why cities ,co.uk,en,google
12,brazilian cities alphabetical order,2016-04-27 21:47:08,brazilian are why cities ,co.uk,en,google
13,brazilian cities and states,2016-04-27 21:47:08,brazilian are why cities ,co.uk,en,google
14,brazilian cities near the amazon rainforest,2016-04-27 21:47:08,brazilian are why cities ,co.uk,en,google
15,brazilian cities starting with s,2016-04-27 21:47:08,brazilian are why cities ,co.uk,en,google
16,brazilian cities wiki,2016-04-27 21:47:08,brazilian are why cities ,co.uk,en,google
17,brazilian cities in the amazon,2016-04-27 21:47:08,brazilian are why cities ,co.uk,en,google
18,brazilian cities wikipedia,2016-04-27 21:47:08,brazilian are why cities ,co.uk,en,google
19,brazilian cities gdp per capita,2016-04-27 21:47:08,brazilian are why cities ,co.uk,en,google
0,why are brazilian cities growing so rapidly,2016-04-27 21:47:09,brazilian are cities why ,co.uk,en,google
0,why are brazilian cities growing so rapidly,2016-04-27 21:47:09,brazilian cities why are ,co.uk,en,google
0,why are brazilian cities growing so rapidly,2016-04-27 21:47:09,brazilian cities are why ,co.uk,en,google
0,brazilian rosewood cites,2016-04-27 21:47:09,cities why are brazilian ,co.uk,en,google
1,why are brazilian cities growing so rapidly,2016-04-27 21:47:09,cities why are brazilian ,co.uk,en,google
0,why are brazilian cities growing so rapidly,2016-04-27 21:47:09,cities why brazilian are ,co.uk,en,google
0,brazilian rosewood cites,2016-04-27 21:47:09,cities are why brazilian ,co.uk,en,google
1,why are brazilian cities growing so rapidly,2016-04-27 21:47:09,cities are why brazilian ,co.uk,en,google
0,why are brazilian cities growing so rapidly,2016-04-27 21:47:09,cities are brazilian why ,co.uk,en,google
0,why are brazilian cities growing so rapidly,2016-04-27 21:47:09,cities brazilian why are ,co.uk,en,google
